<?xml version="1.0" encoding="UTF-8"?>
<odoo noupdate="True">

    <record model="account.tax.group" id="tax_group_retencion_iva">
        <field name="name">Retención IVA</field>
        <!-- <field name="tax">vat</field>
        <field name="type">withholding</field>
        <field name="application">national_taxes</field> -->
        <field name="l10n_ar_tribute_afip_code">01</field>
    </record>

    <record model="account.tax.group" id="tax_group_retencion_ganancias">
        <field name="name">Retención Ganancias</field>
        <!-- <field name="tax">profits</field>
        <field name="type">withholding</field>
        <field name="application">national_taxes</field> -->
        <field name="l10n_ar_tribute_afip_code">01</field>
    </record>

    <record model="account.tax.group" id="tax_group_retencion_iibb_caba">
        <field name="name">Retención IIBB CABA</field>
        <!-- <field name="tax">gross_income</field>
        <field name="type">withholding</field>
        <field name="application">provincial_taxes</field> -->
        <field name="l10n_ar_tribute_afip_code">02</field>
    </record>

    <record model="account.tax.group" id="tax_group_retencion_iibb_ba">
        <field name="name">Retención IIBB ARBA</field>
        <!-- <field name="tax">gross_income</field>
        <field name="type">withholding</field>
        <field name="application">provincial_taxes</field> -->
        <field name="l10n_ar_tribute_afip_code">02</field>
    </record>

    <record model="account.tax.group" id="tax_group_retencion_iibb_ca">
        <field name="name">Retención IIBB Catamarca</field>
        <!-- <field name="tax">gross_income</field>
        <field name="type">withholding</field>
        <field name="application">provincial_taxes</field> -->
        <field name="l10n_ar_tribute_afip_code">02</field>
    </record>

    <record model="account.tax.group" id="tax_group_retencion_iibb_co">
        <field name="name">Retención IIBB Córdoba</field>
        <!-- <field name="tax">gross_income</field>
        <field name="type">withholding</field>
        <field name="application">provincial_taxes</field> -->
        <field name="l10n_ar_tribute_afip_code">02</field>
    </record>

    <record model="account.tax.group" id="tax_group_retencion_iibb_rr">
        <field name="name">Retención IIBB Corrientes</field>
        <!-- <field name="tax">gross_income</field>
        <field name="type">withholding</field>
        <field name="application">provincial_taxes</field> -->
        <field name="l10n_ar_tribute_afip_code">02</field>
    </record>

    <record model="account.tax.group" id="tax_group_retencion_iibb_er">
        <field name="name">Retención IIBB Entre Ríos</field>
        <!-- <field name="tax">gross_income</field>
        <field name="type">withholding</field>
        <field name="application">provincial_taxes</field> -->
        <field name="l10n_ar_tribute_afip_code">02</field>
    </record>

    <record model="account.tax.group" id="tax_group_retencion_iibb_ju">
        <field name="name">Retención IIBB Jujuy</field>
        <!-- <field name="tax">gross_income</field>
        <field name="type">withholding</field>
        <field name="application">provincial_taxes</field> -->
        <field name="l10n_ar_tribute_afip_code">02</field>
    </record>

    <record model="account.tax.group" id="tax_group_retencion_iibb_za">
        <field name="name">Retención IIBB Mendoza</field>
        <!-- <field name="tax">gross_income</field>
        <field name="type">withholding</field>
        <field name="application">provincial_taxes</field> -->
        <field name="l10n_ar_tribute_afip_code">02</field>
    </record>

    <record model="account.tax.group" id="tax_group_retencion_iibb_lr">
        <field name="name">Retención IIBB La Rioja</field>
        <!-- <field name="tax">gross_income</field>
        <field name="type">withholding</field>
        <field name="application">provincial_taxes</field> -->
        <field name="l10n_ar_tribute_afip_code">02</field>
    </record>

    <record model="account.tax.group" id="tax_group_retencion_iibb_sa">
        <field name="name">Retención IIBB Salta</field>
        <!-- <field name="tax">gross_income</field>
        <field name="type">withholding</field>
        <field name="application">provincial_taxes</field> -->
        <field name="l10n_ar_tribute_afip_code">02</field>
    </record>

    <record model="account.tax.group" id="tax_group_retencion_iibb_nn">
        <field name="name">Retención IIBB San Juan</field>
        <!-- <field name="tax">gross_income</field>
        <field name="type">withholding</field>
        <field name="application">provincial_taxes</field> -->
        <field name="l10n_ar_tribute_afip_code">02</field>
    </record>

    <record model="account.tax.group" id="tax_group_retencion_iibb_sl">
        <field name="name">Retención IIBB San Luis</field>
        <!-- <field name="tax">gross_income</field>
        <field name="type">withholding</field>
        <field name="application">provincial_taxes</field> -->
        <field name="l10n_ar_tribute_afip_code">02</field>
    </record>

    <record model="account.tax.group" id="tax_group_retencion_iibb_sf">
        <field name="name">Retención IIBB Santa Fe</field>
        <!-- <field name="tax">gross_income</field>
        <field name="type">withholding</field>
        <field name="application">provincial_taxes</field> -->
        <field name="l10n_ar_tribute_afip_code">02</field>
    </record>

    <record model="account.tax.group" id="tax_group_retencion_iibb_se">
        <field name="name">Retención IIBB Santiago del Estero</field>
        <!-- <field name="tax">gross_income</field>
        <field name="type">withholding</field>
        <field name="application">provincial_taxes</field> -->
        <field name="l10n_ar_tribute_afip_code">02</field>
    </record>

    <record model="account.tax.group" id="tax_group_retencion_iibb_tn">
        <field name="name">Retención IIBB Tucumán</field>
        <!-- <field name="tax">gross_income</field>
        <field name="type">withholding</field>
        <field name="application">provincial_taxes</field> -->
        <field name="l10n_ar_tribute_afip_code">02</field>
    </record>

    <record model="account.tax.group" id="tax_group_retencion_iibb_ha">
        <field name="name">Retención IIBB Chaco</field>
        <!-- <field name="tax">gross_income</field>
        <field name="type">withholding</field>
        <field name="application">provincial_taxes</field> -->
        <field name="l10n_ar_tribute_afip_code">02</field>
    </record>

    <record model="account.tax.group" id="tax_group_retencion_iibb_ct">
        <field name="name">Retención IIBB Chubut</field>
        <!-- <field name="tax">gross_income</field>
        <field name="type">withholding</field>
        <field name="application">provincial_taxes</field> -->
        <field name="l10n_ar_tribute_afip_code">02</field>
    </record>

    <record model="account.tax.group" id="tax_group_retencion_iibb_fo">
        <field name="name">Retención IIBB Formosa</field>
        <!-- <field name="tax">gross_income</field>
        <field name="type">withholding</field>
        <field name="application">provincial_taxes</field> -->
        <field name="l10n_ar_tribute_afip_code">02</field>
    </record>

    <record model="account.tax.group" id="tax_group_retencion_iibb_mi">
        <field name="name">Retención IIBB Misiones</field>
        <!-- <field name="tax">gross_income</field>
        <field name="type">withholding</field>
        <field name="application">provincial_taxes</field> -->
        <field name="l10n_ar_tribute_afip_code">02</field>
    </record>

    <record model="account.tax.group" id="tax_group_retencion_iibb_ne">
        <field name="name">Retención IIBB Neuquén</field>
        <!-- <field name="tax">gross_income</field>
        <field name="type">withholding</field>
        <field name="application">provincial_taxes</field> -->
        <field name="l10n_ar_tribute_afip_code">02</field>
    </record>

    <record model="account.tax.group" id="tax_group_retencion_iibb_lp">
        <field name="name">Retención IIBB La Pampa</field>
        <!-- <field name="tax">gross_income</field>
        <field name="type">withholding</field>
        <field name="application">provincial_taxes</field> -->
        <field name="l10n_ar_tribute_afip_code">02</field>
    </record>

    <record model="account.tax.group" id="tax_group_retencion_iibb_rn">
        <field name="name">Retención IIBB Río Negro</field>
        <!-- <field name="tax">gross_income</field>
        <field name="type">withholding</field>
        <field name="application">provincial_taxes</field> -->
        <field name="l10n_ar_tribute_afip_code">02</field>
    </record>

    <record model="account.tax.group" id="tax_group_retencion_iibb_az">
        <field name="name">Retención IIBB Santa Cruz</field>
        <!-- <field name="tax">gross_income</field>
        <field name="type">withholding</field>
        <field name="application">provincial_taxes</field> -->
        <field name="l10n_ar_tribute_afip_code">02</field>
    </record>

    <record model="account.tax.group" id="tax_group_retencion_iibb_tf">
        <field name="name">Retención IIBB Tierra del Fuego</field>
        <!-- <field name="tax">gross_income</field>
        <field name="type">withholding</field>
        <field name="application">provincial_taxes</field> -->
        <field name="l10n_ar_tribute_afip_code">02</field>
    </record>

    <record model="account.tax.group" id="tax_group_retencion_drei">
        <field name="name">Retención DREI</field>
        <!-- <field name="tax">other</field>
        <field name="type">withholding</field>
        <field name="application">municipal_taxes</field> -->
        <field name="l10n_ar_tribute_afip_code">03</field>
    </record>

</odoo>
