<odoo>

<!--         <record model="account.tax.code.template" id="ri_tax_code_ganancia_categ">
            <field name="name">IMPUESTO A LAS GANANCIAS</field>
            <field name="code">010040</field>
            <field name="sign">1</field>
            <field name="parent_id" ref="l10n_ar_chart.ri_impuestos_nacionales"/>
        </record>
 -->
<!--         <record model="account.tax.code.template" id="ri_tax_code_ganancia">
            <field name="code">01004000:G</field>
            <field name="name">Impuesto a las ganancias</field>
            <field name="sign">1</field>
            <field name="parent_id" ref="ri_tax_code_ganancia_categ"/>
        </record>

        <record model="account.tax" id="ri_tax_code_ganancia_code">
            <field name="description">Impuesto a las ganancias</field>
            <field name="name">01004000:G</field>
            <field name="sequence">101</field>
            <field name="amount">0</field>
            <field name="type">percent</field>
            <field name="applicable_type">true</field>
            <field name="account_collected_id" ref="l10n_ar_chart.ri_retencion_ganancias_a_depositar"/>
            <field name="account_paid_id" ref="l10n_ar_chart.ri_retencion_ganancias_a_depositar"/>
            <field name="retencion_minima_inscriptos">20</field>
            <field name="retencion_minima_no_inscriptos">100</field>
            <field name="type_tax_use">purchase</field>
        </record> -->

<!--             <record id="ri_tax_ganancias" model="account.tax.template">
                <field name="chart_template_id" ref="l10n_ar_chart.ri_l10nAR_chart_template"/>
                <field name="name">01004000:G</field>
                <field name="description">Impuesto a las ganancias</field>
            <field name="sequence">101</field>
                <field eval="0.0" name="amount"/>
                <field name="type">percent</field>
                <field name="tax_code_id" ref="ri_tax_code_ganancia"/>
            <field name="ref_tax_code_id" ref="ri_tax_code_ganancia"/>
                <field name="account_collected_id" ref="l10n_ar_chart.ri_retencion_ganancias_a_depositar"/>
                <field name="account_paid_id" ref="l10n_ar_chart.ri_retencion_ganancias_a_depositar"/>
                <field name="type_tax_use">purchase</field>
            </record> -->

    <record model="afip.tabla_ganancias.alicuotasymontos" id="regimen_1">
        <field name="anexo_referencia">Anexo II, inc.a) pto.1)</field>
        <field name="codigo_de_regimen">19</field>
        <field name="concepto_referencia">Intereses por operaciones realizadas en entidades financieras. Ley N° 21.526, y sus modificaciones o agentes de bolsa o mercado abierto.</field>
        <field name="porcentaje_inscripto">3</field>
        <field name="porcentaje_no_inscripto">10</field>
        <field name="montos_no_sujetos_a_retencion">0</field>
    </record>

    <record model="afip.tabla_ganancias.alicuotasymontos" id="regimen_2">
        <field name="anexo_referencia">Anexo II , inc. a) pto. 2)</field>
        <field name="codigo_de_regimen">21</field>
        <field name="concepto_referencia">Intereses originados en operaciones no comprendidas en el punto 1.</field>
        <field name="porcentaje_inscripto">6</field>
        <field name="porcentaje_no_inscripto">28</field>
        <field name="montos_no_sujetos_a_retencion">7870</field>
    </record>

    <record model="afip.tabla_ganancias.alicuotasymontos" id="regimen_3">
        <field name="anexo_referencia">Anexo II, inc. b) pto. 1)</field>
        <field name="codigo_de_regimen">30</field>
        <field name="concepto_referencia">Alquileres o arrendamientos de bienes muebles.</field>
        <field name="porcentaje_inscripto">6</field>
        <field name="porcentaje_no_inscripto">28</field>
        <field name="montos_no_sujetos_a_retencion">11200</field>
    </record>

    <record model="afip.tabla_ganancias.alicuotasymontos" id="regimen_4">
        <field name="anexo_referencia">Anexo II, inc. b) pto. 2)</field>
        <field name="codigo_de_regimen">31</field>
        <field name="concepto_referencia">Bienes Inmuebles Urbanos, incluidos los efectuados bajo la modalidad de leasing - incluye suburbanos-</field>
        <field name="porcentaje_inscripto">6</field>
        <field name="porcentaje_no_inscripto">28</field>
        <field name="montos_no_sujetos_a_retencion">11200</field>
    </record>

    <record model="afip.tabla_ganancias.alicuotasymontos" id="regimen_5">
        <field name="anexo_referencia">Anexo II, inc. b) pto. 3)</field>
        <field name="codigo_de_regimen">32</field>
        <field name="concepto_referencia">Bienes Inmuebles Rurales, incluidos los efectuados bajo la modalidad de leasing - incluye subrurales-</field>
        <field name="porcentaje_inscripto">6</field>
        <field name="porcentaje_no_inscripto">28</field>
        <field name="montos_no_sujetos_a_retencion">11200</field>
    </record>

    <record model="afip.tabla_ganancias.alicuotasymontos" id="regimen_6">
        <field name="anexo_referencia">Anexo II, inc. c)</field>
        <field name="codigo_de_regimen">35</field>
        <field name="concepto_referencia">Regalías</field>
        <field name="porcentaje_inscripto">6</field>
        <field name="porcentaje_no_inscripto">28</field>
        <field name="montos_no_sujetos_a_retencion">7870</field>
    </record>

    <record model="afip.tabla_ganancias.alicuotasymontos" id="regimen_7">
        <field name="anexo_referencia">Anexo II, inc. d)</field>
        <field name="codigo_de_regimen">43</field>
        <field name="concepto_referencia">Interés accionario, excedentes y retornos distribuidos entre asociados, cooperativas, -excepto consumo-.</field>
        <field name="porcentaje_inscripto">6</field>
        <field name="porcentaje_no_inscripto">28</field>
        <field name="montos_no_sujetos_a_retencion">7870</field>
    </record>

    <record model="afip.tabla_ganancias.alicuotasymontos" id="regimen_8">
        <field name="anexo_referencia">Anexo II, inc. e)</field>
        <field name="codigo_de_regimen">51</field>
        <field name="concepto_referencia">Obligaciones de no hacer, o por abandono o no ejercicio de una actividad.</field>
        <field name="porcentaje_inscripto">6</field>
        <field name="porcentaje_no_inscripto">28</field>
        <field name="montos_no_sujetos_a_retencion">7870</field>
    </record>

    <record model="afip.tabla_ganancias.alicuotasymontos" id="regimen_9">
        <field name="anexo_referencia">Anexo II, inc. f)</field>
        <field name="codigo_de_regimen">78</field>
        <field name="concepto_referencia">Enajenación de bienes muebles y bienes de cambio.</field>
        <field name="porcentaje_inscripto">2</field>
        <field name="porcentaje_no_inscripto">10</field>
        <field name="montos_no_sujetos_a_retencion">224000</field>
    </record>

    <record model="afip.tabla_ganancias.alicuotasymontos" id="regimen_10">
        <field name="anexo_referencia">Anexo II, inc. g)</field>
        <field name="codigo_de_regimen">86</field>
        <field name="concepto_referencia">Transferencia temporaria o definitiva de derechos de llave, marcas, patentes de invención, regalías, concesiones y similares.</field>
        <field name="porcentaje_inscripto">2</field>
        <field name="porcentaje_no_inscripto">10</field>
        <field name="montos_no_sujetos_a_retencion">224000</field>
    </record>

    <record model="afip.tabla_ganancias.alicuotasymontos" id="regimen_11">
        <field name="anexo_referencia">Anexo II, inc. h)</field>
        <field name="codigo_de_regimen">110</field>
        <field name="concepto_referencia">Explotación de derechos de autor (Ley N° 11.723).</field>
        <field name="porcentaje_inscripto">-1</field>
        <field name="porcentaje_no_inscripto">28</field>
        <field name="montos_no_sujetos_a_retencion">10000</field>
    </record>

    <record model="afip.tabla_ganancias.alicuotasymontos" id="regimen_12">
        <field name="anexo_referencia">Anexo II, inc. i)</field>
        <field name="codigo_de_regimen">94</field>
        <field name="concepto_referencia">Locaciones de obra y/o servicios no ejecutados en relación de dependencia no mencionados expresamente en otros incisos.</field>
        <field name="porcentaje_inscripto">2</field>
        <field name="porcentaje_no_inscripto">28</field>
        <field name="montos_no_sujetos_a_retencion">67170</field>
    </record>

    <record model="afip.tabla_ganancias.alicuotasymontos" id="regimen_13">
        <field name="anexo_referencia">Anexo II, inc. j)</field>
        <field name="codigo_de_regimen">25</field>
        <field name="concepto_referencia">Comisiones u otras retribuciones derivadas de la actividad de comisionista, rematador, consignatario y demás auxiliares de comercio a que se refiere el inciso c) del artículo 49 de la Ley de Impuesto a las Ganancias, texto ordenado en 1997 y sus modificaciones.</field>
        <field name="porcentaje_inscripto">-1</field>
        <field name="porcentaje_no_inscripto">28</field>
        <field name="montos_no_sujetos_a_retencion">16830</field>
    </record>

    <record model="afip.tabla_ganancias.alicuotasymontos" id="regimen_14">
        <field name="anexo_referencia">Anexo ll, inc. k)</field>
        <field name="codigo_de_regimen">116 I</field>
        <field name="concepto_referencia">Honorarios de director de sociedades anónimas,  síndico fiduciario,  consejero de sociedades cooperativas integrante de consejos de vigilancia y socios administradores de las sociedades de responsabilidad limitada, en comandita simple y en comandita por acciones.</field>
        <field name="porcentaje_inscripto">-1</field>
        <field name="porcentaje_no_inscripto">28</field>
        <field name="montos_no_sujetos_a_retencion">67170</field>
    </record>

    <record model="afip.tabla_ganancias.alicuotasymontos" id="regimen_15">
        <field name="anexo_referencia">Anexo ll, inc. k)</field>
        <field name="codigo_de_regimen">116 II</field>
        <field name="concepto_referencia">Albacea, mandatario, gestor de negocio.</field>
        <field name="porcentaje_inscripto">-1</field>
        <field name="porcentaje_no_inscripto">28</field>
        <field name="montos_no_sujetos_a_retencion">16830</field>
    </record>

    <record model="afip.tabla_ganancias.alicuotasymontos" id="regimen_119">
        <field name="anexo_referencia">Anexo ll, inc. k)</field>
        <field name="codigo_de_regimen">119</field>
        <field name="concepto_referencia">Profesionales liberales, oficios</field>
        <field name="porcentaje_inscripto">-1</field>
        <field name="porcentaje_no_inscripto">28</field>
        <field name="montos_no_sujetos_a_retencion">160000</field>
    </record>

    <record model="afip.tabla_ganancias.alicuotasymontos" id="regimen_16">
        <field name="anexo_referencia">Anexo ll, inc. k)</field>
        <field name="codigo_de_regimen">124</field>
        <field name="concepto_referencia">Corredor, viajante de comercio y despachante de aduana.</field>
        <field name="porcentaje_inscripto">-1</field>
        <field name="porcentaje_no_inscripto">28</field>
        <field name="montos_no_sujetos_a_retencion">16830</field>
    </record>

    <record model="afip.tabla_ganancias.alicuotasymontos" id="regimen_17">
        <field name="anexo_referencia">Anexo ll, inc. l)</field>
        <field name="codigo_de_regimen">95</field>
        <field name="concepto_referencia">Operaciones de transporte de carga nacional e internacional.</field>
        <field name="porcentaje_inscripto">0.25</field>
        <field name="porcentaje_no_inscripto">28</field>
        <field name="montos_no_sujetos_a_retencion">67170</field>
    </record>

    <record model="afip.tabla_ganancias.alicuotasymontos" id="regimen_18">
        <field name="anexo_referencia">Anexo ll, inc. m)</field>
        <field name="codigo_de_regimen">53</field>
        <field name="concepto_referencia">Operaciones realizadas por intermedio de mercados de cereales a término que se resuelvan en el curso del término (arbitrajes) y de mercados de futuros y opciones.</field>
        <field name="porcentaje_inscripto">0.5</field>
        <field name="porcentaje_no_inscripto">2</field>
        <field name="montos_no_sujetos_a_retencion">0</field>
    </record>

    <record model="afip.tabla_ganancias.alicuotasymontos" id="regimen_19">
        <field name="anexo_referencia">Anexo ll, inc. n)</field>
        <field name="codigo_de_regimen">55</field>
        <field name="concepto_referencia">Distribución de películas . Transmisión de programación. Televisión vía satelital.</field>
        <field name="porcentaje_inscripto">0.5</field>
        <field name="porcentaje_no_inscripto">2</field>
        <field name="montos_no_sujetos_a_retencion">0</field>
    </record>

    <record model="afip.tabla_ganancias.alicuotasymontos" id="regimen_60">
        <field name="anexo_referencia">Art. 90.3</field>
        <field name="codigo_de_regimen">60</field>
        <field name="concepto_referencia">Dividendos y utilidades asimilables. Art. 90.3 de la ley. Alícuota 7%.</field>
        <field name="porcentaje_inscripto">7.00</field>
        <field name="porcentaje_no_inscripto">7.00</field>
        <field name="montos_no_sujetos_a_retencion">0</field>
    </record>

    <record model="afip.tabla_ganancias.alicuotasymontos" id="regimen_61">
        <field name="anexo_referencia">Art. 90.3</field>
        <field name="codigo_de_regimen">61</field>
        <field name="concepto_referencia">Dividendos y utilidades asimilables. Art. 90.3 de la ley. Alícuota 13%.</field>
        <field name="porcentaje_inscripto">13.00</field>
        <field name="porcentaje_no_inscripto">13.00</field>
        <field name="montos_no_sujetos_a_retencion">0</field>
    </record>

    <!-- TODO: si alguien pide implementamos estos regimenes pero hay que adaptar el exportador de sicore para que agregue los campos adicionales de beneficiaros del exterior y ademas que mapee a impuesto 218 en vez de 217 -->
    <!-- <record model="afip.tabla_ganancias.alicuotasymontos" id="regimen_62">
        <field name="anexo_referencia">Art. 90.3</field>
        <field name="codigo_de_regimen">62</field>
        <field name="concepto_referencia">Dividendos y utilidades asimilables. Art. 90.3 de la ley. Beneficiarios del exterior. Alícuota 7%.</field>
        <field name="porcentaje_inscripto">7.00</field>
        <field name="porcentaje_no_inscripto">7.00</field>
        <field name="montos_no_sujetos_a_retencion">0</field>
    </record>

    <record model="afip.tabla_ganancias.alicuotasymontos" id="regimen_63">
        <field name="anexo_referencia">Art. 90.3</field>
        <field name="codigo_de_regimen">63</field>
        <field name="concepto_referencia">Dividendos y utilidades asimilables. Art. 90.3 de la ley. Beneficiarios del exterior. Alícuota 13%.</field>
        <field name="porcentaje_inscripto">13.00</field>
        <field name="porcentaje_no_inscripto">13.00</field>
        <field name="montos_no_sujetos_a_retencion">0</field>
    </record> -->

    <record model="afip.tabla_ganancias.alicuotasymontos" id="regimen_20">
        <field name="anexo_referencia">Anexo ll, inc. ñ)</field>
        <field name="codigo_de_regimen">111</field>
        <field name="concepto_referencia">Cualquier otra cesión o locación de derechos, excepto las que correspondan a operaciones realizadas por intermedio de mercados de cereales a término que se resuelvan en el curso del término (arbitrajes) y de mercados de futuros y opciones.</field>
        <field name="porcentaje_inscripto">0.5</field>
        <field name="porcentaje_no_inscripto">2</field>
        <field name="montos_no_sujetos_a_retencion">0</field>
    </record>

    <record model="afip.tabla_ganancias.alicuotasymontos" id="regimen_21">
        <field name="anexo_referencia">Anexo ll, inc.  o)</field>
        <field name="codigo_de_regimen">112</field>
        <field name="concepto_referencia">Beneficios provenientes del cumplimiento de los requisitos de los planes de seguro de retiro privados administrados por entidades sujetas al control de la Superintendencia de Seguros de la Nación, establecidos por el inciso d) del artículo 45 y el inciso d) del artículo 79 de la Ley del Impuesto a las Ganancias, texto ordenado en 1997 y sus modificaciones -excepto cuando se encuentren alcanzados por el régimen de retención establecido por la Resolución General Nº 1261, sus modificatorias y complementarias-.</field>
        <field name="porcentaje_inscripto">3</field>
        <field name="porcentaje_no_inscripto">3</field>
        <field name="montos_no_sujetos_a_retencion">16830</field>
    </record>

    <record model="afip.tabla_ganancias.alicuotasymontos" id="regimen_22">
        <field name="anexo_referencia">Anexo ll, inc.  p)</field>
        <field name="codigo_de_regimen">113</field>
        <field name="concepto_referencia">Rescates -totales o parciales- por desistimiento  de los planes de seguro de retiro a que se refiere el inciso o), excepto que sea de aplicación lo normado en el artículo 101 de la Ley del Impuesto a las Ganancias, texto ordenado en 1997 y sus modificaciones.</field>
        <field name="porcentaje_inscripto">3</field>
        <field name="porcentaje_no_inscripto">3</field>
        <field name="montos_no_sujetos_a_retencion">16830</field>
    </record>

    <record model="afip.tabla_ganancias.alicuotasymontos" id="regimen_23">
        <field name="anexo_referencia">Anexo II, inciso q)</field>
        <field name="codigo_de_regimen">779</field>
        <field name="concepto_referencia">Subsidios abonados por los estados Nacional, provinciales, municipales o el Gobierno de la Ciudad Autónoma de Buenos Aires, en concepto de enajenación de bienes muebles y bienes de cambio, en la medida que una ley general o especial no establezca la exención de los mismos en el impuesto a las ganancias.</field>
        <field name="porcentaje_inscripto">2</field>
        <field name="porcentaje_no_inscripto">10</field>
        <field name="montos_no_sujetos_a_retencion">76140</field>
    </record>

    <record model="afip.tabla_ganancias.alicuotasymontos" id="regimen_24">
        <field name="anexo_referencia">Anexo ll, inciso r)</field>
        <field name="codigo_de_regimen">780</field>
        <field name="concepto_referencia">Subsidios abonados por los estados Nacional, provinciales, municipales o el Gobierno de la Ciudad Autónoma de Buenos Aires, en concepto de locaciones de obra y/o servicios, no ejecutados en relación de dependencia, en la medida que una ley general o especial no establezca la exención de los mismos en el impuesto a las ganancias.</field>
        <field name="porcentaje_inscripto">2</field>
        <field name="porcentaje_no_inscripto">28</field>
        <field name="montos_no_sujetos_a_retencion">31460</field>
    </record>

    <record model="afip.tabla_ganancias.alicuotasymontos" id="regimen_99">
        <field name="anexo_referencia">Factura M</field>
        <field name="codigo_de_regimen">99</field>
        <field name="concepto_referencia">Factura M - Ganancias - Emisión de comprobantes con discriminación del gravamen.</field>
        <field name="porcentaje_inscripto">6</field>
        <field name="porcentaje_no_inscripto">6</field>
        <field name="montos_no_sujetos_a_retencion">0</field>
    </record>

    <record model="afip.tabla_ganancias.alicuotasymontos" id="regimen_965">
        <field name="anexo_referencia">Factura A con leyenda</field>
        <field name="codigo_de_regimen">965</field>
        <field name="concepto_referencia">Factura "A" con leyenda "OPERACIÓN SUJETA A RETENCIÓN" - Ganancias - Emisión de comprobantes con discriminación del gravamen.</field>
        <field name="porcentaje_inscripto">3</field>
        <field name="porcentaje_no_inscripto">3</field>
        <field name="montos_no_sujetos_a_retencion">0</field>
    </record>

<!--
    Regimenes ganancia sobre ESCALA:
-->

    <record model="afip.tabla_ganancias.escala" id="escala_1">
        <field name="importe_desde">0</field>
        <field name="importe_hasta">8000</field>
        <field name="importe_fijo">0</field>
        <field name="porcentaje">5</field>
        <field name="importe_excedente">0</field>
    </record>

    <record model="afip.tabla_ganancias.escala" id="escala_2">
        <field name="importe_desde">8000</field>
        <field name="importe_hasta">16000</field>
        <field name="importe_fijo">400</field>
        <field name="porcentaje">9</field>
        <field name="importe_excedente">8000</field>
    </record>

    <record model="afip.tabla_ganancias.escala" id="escala_3">
        <field name="importe_desde">16000</field>
        <field name="importe_hasta">24000</field>
        <field name="importe_fijo">1120</field>
        <field name="porcentaje">12</field>
        <field name="importe_excedente">16000</field>
    </record>

    <record model="afip.tabla_ganancias.escala" id="escala_4">
        <field name="importe_desde">24000</field>
        <field name="importe_hasta">32000</field>
        <field name="importe_fijo">2080</field>
        <field name="porcentaje">15</field>
        <field name="importe_excedente">24000</field>
    </record>

    <record model="afip.tabla_ganancias.escala" id="escala_5">
        <field name="importe_desde">32000</field>
        <field name="importe_hasta">48000</field>
        <field name="importe_fijo">3280</field>
        <field name="porcentaje">19</field>
        <field name="importe_excedente">32000</field>
    </record>

    <record model="afip.tabla_ganancias.escala" id="escala_6">
        <field name="importe_desde">48000</field>
        <field name="importe_hasta">64000</field>
        <field name="importe_fijo">6320</field>
        <field name="porcentaje">23</field>
        <field name="importe_excedente">48000</field>
    </record>

    <record model="afip.tabla_ganancias.escala" id="escala_7">
        <field name="importe_desde">64000</field>
        <field name="importe_hasta">96000</field>
        <field name="importe_fijo">10000</field>
        <field name="porcentaje">27</field>
        <field name="importe_excedente">64000</field>
    </record>

    <record model="afip.tabla_ganancias.escala" id="escala_8">
        <field name="importe_desde">96000</field>
        <field name="importe_hasta">999999999</field>
        <field name="importe_fijo">18640</field>
        <field name="porcentaje">31</field>
        <field name="importe_excedente">96000</field>
    </record>

<!--
    Regimenes ganancia sobre ESCALA: sobre regimen 119
-->


    <record model="afip.tabla_ganancias.escala" id="escala_1_119">
        <field name="importe_desde">0</field>
        <field name="importe_hasta">71000</field>
        <field name="importe_fijo">0</field>
        <field name="porcentaje">5</field>
        <field name="importe_excedente">0</field>
        <field name="codigo_de_regimen">119</field>
    </record>

    <record model="afip.tabla_ganancias.escala" id="escala_2_119">
        <field name="importe_desde">71000</field>
        <field name="importe_hasta">142000</field>
        <field name="importe_fijo">3550</field>
        <field name="porcentaje">9</field>
        <field name="importe_excedente">71000</field>
        <field name="codigo_de_regimen">119</field>
    </record>

    <record model="afip.tabla_ganancias.escala" id="escala_3_119">
        <field name="importe_desde">142000</field>
        <field name="importe_hasta">213000</field>
        <field name="importe_fijo">9940</field>
        <field name="porcentaje">12</field>
        <field name="importe_excedente">142000</field>
        <field name="codigo_de_regimen">119</field>
    </record>

    <record model="afip.tabla_ganancias.escala" id="escala_4_119">
        <field name="importe_desde">213000</field>
        <field name="importe_hasta">284000</field>
        <field name="importe_fijo">18460</field>
        <field name="porcentaje">15</field>
        <field name="importe_excedente">213000</field>
        <field name="codigo_de_regimen">119</field>
    </record>

    <record model="afip.tabla_ganancias.escala" id="escala_5_119">
        <field name="importe_desde">284000</field>
        <field name="importe_hasta">426000</field>
        <field name="importe_fijo">29110</field>
        <field name="porcentaje">19</field>
        <field name="importe_excedente">284000</field>
        <field name="codigo_de_regimen">119</field>
    </record>

    <record model="afip.tabla_ganancias.escala" id="escala_6_119">
        <field name="importe_desde">426000</field>
        <field name="importe_hasta">568000</field>
        <field name="importe_fijo">56090</field>
        <field name="porcentaje">23</field>
        <field name="importe_excedente">426000</field>
        <field name="codigo_de_regimen">119</field>
    </record>

    <record model="afip.tabla_ganancias.escala" id="escala_7_119">
        <field name="importe_desde">568000</field>
        <field name="importe_hasta">852000</field>
        <field name="importe_fijo">88750</field>
        <field name="porcentaje">27</field>
        <field name="importe_excedente">568000</field>
        <field name="codigo_de_regimen">119</field>
    </record>

    <record model="afip.tabla_ganancias.escala" id="escala_8_119">
        <field name="importe_desde">852000</field>
        <field name="importe_hasta">999999999</field>
        <field name="importe_fijo">165430</field>
        <field name="porcentaje">31</field>
        <field name="importe_excedente">852000</field>
        <field name="codigo_de_regimen">119</field>
    </record>

</odoo>
