<?xml version="1.0" encoding="UTF-8"?>
<!--Template for product summary receipt screen-->
<templates id="template" xml:space="preserve">
    <t t-name="ProductSummaryReceiptScreen" owl="1">
        <div class="receipt-screen screen">
            <div class="screen-content">
                <div class="top-content">
                    <span class="button back" t-on-click="confirm">
                        <i class="fa fa-angle-double-left"/>
                        <span> </span>
                        <span>Back</span>
                    </span>
                </div>
                <div class="centered-content">
                    <div class="button print" t-on-click="printSummary">
                        <i class="fa fa-print"/>
                        Print Product Summary
                    </div>
                    <div class="pos-receipt-container" t-ref="product-summary">
                        <ProductSummaryReceipt products="props.products"
                                               start_date="props.start_date"
                                               end_date="props.end_date"/>
                    </div>
                </div>
            </div>
        </div>
    </t>
</templates>
